"Carimbo de data/hora","Na sua opinião a tela de login está?","Alguma sugestão para a tela?","Na sua opinião a tela de cadastro está?","Alguma sugestão para a tela?","Na sua opinião a tela de avaliação está?","Alguma sugestão para a tela?","Na sua opinião a tela de treinos está?","Alguma sugestão para a tela?","Na sua opinião a tela de cadastro de treino está?","Alguma sugestão para a tela?","Na sua opinião a tela de calendário está?","Alguma sugestão para a tela?"
"2021/10/27 10:39:51 PM GMT","4","","4","","4","","3","","4","","4",""
"2021/10/28 10:19:47 PM GMT","4","não","4","não","3","Colocar cores nas linhas para facilitar a visualização. ex: colocar uma linha branca e uma linha em uma cor azul bem fraca.","3","Estou com dúvida quanto aos números: 4.1, 4.2, 4.3 o que quer dizer essa informação?","4","não","3","não"
"2021/10/29 10:28:13 PM GMT","5","","5","Utilizaria uma fonte mais ""simples"" para facilitar a leitura.","4","Utilizaria uma fonte mais ""simples"" para facilitar a leitura.","5","","5","","5",""
"2021/10/29 10:35:58 PM GMT","5","","5","os botões talvez poderiam ter cores e contornos","5","acima da primeira linha da tabela, os nomes das colunas com as datas da avaliação poderiam aparecer","3","A tela ficou bem bonita mas eu não entendi o funcionamento","3","As informações de cabeçalho, como , séries, intervalo, velocidade, etc. são informações que geralmente são individual para cada treino, na forma que está, parece que todos os treinos tem as mesmas execuções.","5",""
"2021/10/29 10:36:42 PM GMT","4","Colocar a tela de forma mais alinhada, mas fora isto está bom.","5","Alinhamento das informações","3","Faria um layout mais atraente, mas está muito boa.","3","","3","Alinhamento","3",""
"2021/10/29 10:45:31 PM GMT","4","o espaço em branco entre a área da senha e o ""criar uma conta"" ficou meio estranho
","4","mudar a fonte do texto","5","apenas a fonte do texto","5","nenhuma opinião, gostei bastante porem as cores poderiam ser diferentes, muito claro.","5","não","5","nenhuma"
"2021/10/29 11:17:36 PM GMT","4","Talvez deixar maior","5","","5","","5","","5","","5",""
"2021/10/29 11:27:08 PM GMT","4","um campo para poder alterar a senha caso não lembre mais da mesma.","4","","4","","5","","4","seria legal mandar por whatsapp, sem precisar imprimir gastar papel.","3",""
"2021/10/29 11:37:05 PM GMT","4","","4","","5","","5","","5","","3","Calendar?"
"2021/10/29 11:39:56 PM GMT","4","","5","","4","","4","","4","","3","Acredito que não seja muito intuitiva."
"2021/10/29 11:57:15 PM GMT","5","Gostei bestante","5","Gostei bastante","4","Adicionar uma barra de rolagem para os campos de tela ficarem maiores","5","Gostei bastante.","4","A tabela preencher mais a tela","5","Gostei bastante"
"2021/10/30 12:40:41 AM GMT","5","","5","","5","","5","","5","","5",""